Word,WordFrequency
lesser-known,207
freeze,45628
disinterest,32
elimination,7907
jerk,1586
commotion,45
ailment,303
unappealing,364
deceitfully,9
sad,19833
limp,335
hypocritically,1
vulnerable,24237
scathingly,1
divergent,1429
complaint,12559
sham,826
desecrate,13
kaput,153
maledict,16
slogging,164
objection,2110
crabby,19
idiotically,60
chafe,26
unsteadiness,6
trick,308247
incoherently,32
acerbic,21
dishearten,13
incommensurate,20
measly,267
grudges,40
shrill,46
plebeian,10
criticized,564
brainless,147
inconvenience,6401
agony,410
slowly,41532
impending,391
licentious,2
baseless,489
revulsion,18
insurrection,11
strangest,2807
gloomy,119
brute,27380
stupid,91027
sluts,10
maniacal,40
annoying,81749
unskilled,238
irrelevance,205
lewd,27
complication,10750
jaundiced,17
implicate,240
unsettled,267
stole,2443
ignore,393316
cracks,1366
daze,113
drones,1033
inadequate,3075
hysteria,64
turbulent,189
scream,2610
invisible,84139
raging,313
ache,763
inconsequentially,12
punk,1755
extremism,19
awkwardness,466
peril,971
ingrate,45
terror,1330
wince,1738
mortify,9
detrimental,2351
decrepit,70
blasphemous,63
blunders,285
regretfully,249
sinisterly,3
vengefulness,1
plagiarize,105
cons,84106
goad,69
infiltrator,41
despondent,11
poverty,1331
corrupt,33165
desert,3192
sick,7696
bombard,297
enraged,43
miscreant,62
pig,24006
uproar,69
deadly,1451
menacing,68
unsteadily,5
ugliest,648
conspiracies,20
hysteric,6
painful,20907
regrettably,795
leer,1769
beastly,88
bizarre,12145
sobering,35
troublesome,11791
inelegance,109
nastiness,568
coldly,48
displace,1538
hallucinate,18
agonizingly,70
abrade,24
straining,164
mediocre,1338
disturbing,4933
outraged,36
rife,300
poorer,920
paucity,82
complacent,71
bemoan,34
discontent,170
sags,29
imperfections,405
flaking,42
wrestle,471
discredit,78
immoderately,3
sucks,11327
forgetful,252
terribleness,23
peeved,51
reject,150831
impatient,1517
hazy,1449
figurehead,7
puny,339
detract,410
restrict,133020
dissatisfies,6
disliking,217
tetchy,16
dispirit,9
ambiguous,56391
dupe,5800
mad,15537
hype,1241
hung,14692
undersized,321
disobedient,14
idiots,635
unequal,8385
gibberish,8055
deception,260
insolence,20
sullen,29
droops,7
enemy,55711
recoil,1277
condemnation,31
wreaked,51
darken,5379
non-confidence,1
set-up,17797
yawn,295
misjudgment,14
acrimonious,7
stooges,372
stuffy,132
plasticky,3
frantically,316
god-awful,102
tyrant,196
grudge,107
lambaste,5
bother,49513
patronize,23
choke,3678
messy,69243
lambast,9
killed,58712
dissatisfy,9
zaps,250
awkward,22178
bloodshed,181
resurgent,15
nonexistent,7985
perplexity,1079
unqualified,10182
gracelessly,11
accusing,187
queer,212
trap,40650
bullshit,815
imprudence,65
betrayal,111
alienated,39
intimidate,108
deride,37
detraction,7
lazy,197602
vileness,5
insolent,15
bothersome,908
monster,21483
negative,282716
naive,45085
naïve,3233
hogs,946
tawdry,4
smolder,15
gimmick,356
stalls,4933
snags,712
adulteration,10
profane,267
inexorably,55
disgustfully,1
appalling,329
snarl,98
inhospitable,14
subordinate,2758
prosecute,50
aggravation,222
grind,1415
bigotries,1
quarrel,79
tarnished,43
fatally,408
aggravate,144
whining,493
beggar,58
leaky,2385
imperfectly,188
vain,8784
prik,33
displeasing,83
ambush,74
involuntary,419
impetuous,27
smugly,20
spade,2058
drippy,9
implausible,373
deviously,23
frustratingly,1544
insensitivity,1326
shamelessness,1
lemon,11350
cynical,175
grief,4267
demon,2045
redundant,85686
manipulative,114
monotonous,454
frustrate,776
bitchy,35
uneconomical,25
fanatics,117
buckle,432
misinterpret,1041
nightmarish,315
ruined,1901
delusions,72
irredeemably,17
unnaturally,168
assault,1965
deficiencies,1116
disbeliever,2
rattled,60
disruption,1732
nosey,77
dizzing,1
deter,1012
shake,12305
meager,450
erroneous,14077
misunderstanding,42806
nervously,40
exterminate,135
unthinkable,284
spotty,1155
creeps,784
fall,86547
expire,49438
overdo,508
rollercoaster,234
stereotypically,8
illogic,60
discourteously,2
harms,526
madder,55
sorrowfully,3
divisive,87
vibration,5360
crept,561
wretch,83
overthrows,9
chatterbox,130
ambivalence,42
castigate,24
niggles,120
dissolute,6
hastily,540
ashamed,1531
impolitic,1
repulsive,267
overzealous,644
dubitable,3
dull,2271
defile,171
flabbergasted,245
intermittent,9418
frustrations,742
cruelest,4
skinny,2593
disheartening,128
underestimate,1250
violate,16753
incautious,16
hideous,2032
groß,19796
imbroglio,5
⛦joker⛯,2362
moan,207
abysmal,819
anarchy,299
worried,42206
enjoin,23
limitations,70585
flighty,10
flat-out,480
ineloquent,16
screwed-up,55
beware,30747
pout,2333
mislike,12
addicts,93
salacious,5
swipe,66861
shortage,2057
garish,107
evasive,171
smudges,71
wretched,170
worries,8196
allegations,137
lousy,1863
qualm,55
disinclined,74
irregularity,399
glitches,4988
insidiously,44
unbelievable,1406
monotony,100
impinge,34
die-hard,130
boastful,12
ineloquently,3
pettifog,1
indiscretion,4
commotions,2
dump,178034
puppets,246
unreasonably,1079
traped,31
implication,5869
sillily,8
stupified,10
misalign,300
heartbreaker,16
precipitous,14
dismissive,121
obsessive,276
standstill,838
cloud,390094
worrisome,454
snarky,351
scandalously,3
grumpier,101
toxic,1073
vanity,1837
disservice,344
untouched,16661
ordeal,474
knock,4601
sagging,20
facetiously,23
suicidal,232
enflame,3
powerless,211
allergic,885
melancholy,124
bland,772
knotted,42
unhappily,134
overlook,4089
drastically,11425
fictitious,1534
unease,59
wounds,509
impolitely,16
corrupting,4605
obscures,1675
entrap,5
heckled,7
scandalized,2
amiss,1902
liars,203
overstatement,152
delude,31
heresy,250
uglier,3869
sob,803
cowardly,193
unfavorable,317
squeak,1514
irksomely,1
scrambling,931
hardliners,6
fatique,11
confounding,769
mockeries,2
insolvent,19
uninsured,160
appall,13
leaking,18268
bust,3147
criticize,822
inconsequently,7
undocumented,20711
skeptically,23
downsides,9922
indistinguishable,3219
concen,34
inferior,5416
drastic,3933
2-faced,7
distress,529
unwillingness,75
cripple,621
long-time,1064
accost,39
flees,53
disarm,386
brutalising,1
horrific,1033
fatal,239094
gutter,7337
unusable,13809
drained,2183
pittance,19
inconsolably,1
brainwash,21
bastard,637
butcher,2395
weariness,10
laughable,273
deprived,357
loot,2598
shimmy,131
insincere,41
screech,93
endanger,119
threat,7999
oppressive,48
intimidating,1324
conspicuous,284
sloooow,162
disagreeable,57
testily,3
onslaught,81
ignominy,6
antagonize,16
pitilessly,3
judder,58
controversy,777
misleadingly,540
denigrate,23
frozen,61023
disown,1093
argumentative,217
dumped,26355
fleed,4
mortifying,3
uneasy,1214
overblown,227
credulous,6
disapprove,629
squabbling,14
blistering,76
false,7868384
confused,295549
mindlessly,322
longing,169
pigs,1699
rebellious,82
reticent,136
bereft,64
gruesomely,10
fruitless,1834
unclear,68027
enraging,25
painfully,5131
devilishly,82
dings,251
joke,9858
riled,15
misunderstand,10413
overstate,195
frighteningly,78
anxiousness,7
ambiguity,25020
darkness,2506
inactive,61074
despicably,3
spinster,6
restricted,62327
pointless,25030
mistified,8
indifference,169
beseech,33
penalty,22710
ruthlessness,7
draconian,354
obnoxiously,195
hate,27647
offence,1198
fury,995
illegal,74214
defects,6174
inconsistencies,8708
troublemaker,400
scam,805
excoriate,24
unsafe,59771
vindictive,20
flickers,3946
resentful,20
askance,28
missed,151592
falsehood,173
atrocity,126
merciless,98
odor,300
haphazard,499
grumpily,30
confront,698
expensive,106020
obscure,20327
contend,1993
dunce,161
incognizant,2
cautionary,422
useless,90858
erosion,2596
quack,2296
uncollectible,17
zapped,209
guilt,240
disaffected,6
demonize,80
hating,389
mangled,8098
indoctrination,16
rusts,71
inconsiderate,67
underpaid,86
retract,2623
intolerable,196
vindictiveness,2
craps,1209
notoriously,4209
impudent,18
bitingly,1
ironically,3636
wariness,13
inaudible,162
complains,51441
lethal,427
conspicuously,282
contamination,786
curses,6820
sourly,8
mysteriously,2999
corrosive,52
vent,1402
sputter,34
reprehensibly,1
betrayals,10
resistance,8270
daunt,14
lull,139
annoys,2139
confession,427
menial,200
instable,298
ultimatum,87
meaningless,17879
harm,14895
dejection,49
inelegant,6375
stagnate,99
malevolent,155
misdirection,154
disgracefully,19
melodramatic,15
loopholes,545
concession,848
tiring,935
grotesque,310
scold,168
mirage,1193
eschew,590
offender,1516
deluge,593
mendacious,13
irk,351
issue,3669471
betray,223
revoltingly,2
orphan,6818
fanciful,116
swagger,48336
depressingly,89
stark,3658
brutally,904
vile,285
repudiate,26
thirst,789
bane,872
belligerent,47
thoughtlessness,9
mortified,30
implausibly,60
intransigent,23
misrepresentation,128
rifts,10
coercion,9730
revolt,134
hideously,542
unuseably,3
dilemma,9218
mawkishly,2
neglect,2820
adulterate,13
unobserved,947
picket,182
hedge,1137
slog,1179
irritable,114
disconcert,11
lumpy,185
lure,486
moronic,179
inaptitude,12
embarrass,157
hideousness,28
feign,4066
fatalistic,16
blather,152
despondency,4
contrive,312
cocky,69
direly,38
famished,19
prison,1544
odder,281
cataclysm,49
unscrupulous,134
dissent,85
distaste,115
desertion,9
problems,905455
disgusted,203
plunderer,3
defiant,168
unconfirmed,1614
discrimination,1070
tepid,53
delirium,143
declaim,253
lechery,3
accusingly,10
harboring,30
lag,76404
pretence,46
unscrupulously,10
topple,92
deviate,2882
paradoxically,281
allege,63
lovelorn,3
bewildering,399
taxing,1669
aching,185
unfounded,526
untrustworthy,441
sag,931
defiance,130
blurring,4267
displease,12
unconstitutional,21
panicked,1566
intrusion,1266
wimpy,154
uncivilized,19
suspiciously,1514
opportunistic,373
discriminate,2899
critics,1047
broken-hearted,4
chore,3261
belie,53
condemns,43
retarded,845
hallucination,39
defensive,5705
perilously,25
decadent,54
downturns,11
frightfully,46
disobedience,21
lorn,9
insidious,695
belated,290
arduous,805
rejecting,13050
mercilessly,168
lier,107
antithetical,171
pessimistically,131
trapped,4771
jaded,78
hassles,1142
unfairly,237
overpayed,3
impeach,29
unimaginably,77
rumple,29
shortness,550
downhearted,10
lecherous,2
sober,203
incomprehensible,2031
imperil,3
disrespect,273
disturbed,2113
slack,26715
devilish,131
needy,353
deplorably,8
payback,538
repel,761
bankrupt,486
repugnant,28
unsound,870
irreconcilable,75
hopelessness,31
confounded,562
fist,12583
bleeding,3466
wripping,2
impedance,1480
dead,78957
shiver,213
unimportant,6773
unviewable,121
un-viewable,20
infringement,556
contempt,333
lengthy,20703
reactionary,60
superfluous,11479
brutalizing,2
authoritarian,51
shady,1863
stridently,9
disturbingly,117
idiocies,17
impossible,170005
aweful,257
nag,1473
dragged,37344
dictator,281
outrageously,240
inoperable,365
�junk,25769
abruptly,6279
hissing,43
heedless,12
dispiriting,9
diabolic,24
blasted,474
panick,15
strained,203
misfortune,278
imprison,23
foolishly,844
grim,536
unsuccessful,33394
bothering,9251
gall,419
cruelness,2
stupidity,2314
betrays,160
rattles,50
indolent,14
lying,9739
anomalous,1074
enemies,18426
inexpiable,1
diabolical,113
lame,8644
reluctantly,586
incompetent,624
fateful,46
inconceivably,13
jealous,387
worrying,17811
drought,860
suffering,6851
unreasonable,4909
secretive,181
antagonism,23
scornfully,3
improbable,1151
friction,6611
injure,88
mortification,6
jeopardize,195
irretrievable,69
irrecoverably,146
overloaded,54233
tangles,79
instigate,198
hostilities,16
displeasure,85
dizzy,779
diatribe,77
hang,47715
harrow,156
bewilder,18
bungling,44
stress,18398
crowded,1846
inflexible,2399
insupportably,1
sadden,21
livid,41
maniac,280
overrated,399
apprehensively,6
smelling,188
dejected,32
costlier,451
perplexed,2984
dirty,92104
inefficient,69536
scummy,15
unsuccessfully,10339
battering,37
collude,74
mockingly,15
nuisance,2611
breakdown,16048
exasperating,73
deceiving,488
feint,140
interfere,21250
shark,5290
chaos,4116
interrupt,75883
traumatic,177
pessimism,77
sufferer,24
life-threatening,44
neurotic,80
hellion,17
wrong,2517113
exasperation,60
disparagingly,12
egotistically,2
hum,4035
squabble,21
painfull,570
prickle,32
satirize,1
lack,95868
dope,684
divisively,22
backwardness,11
confessions,206
unavoidably,363
deficient,1098
alienate,151
partisans,27
hasty,600
slothful,7
apocalyptic,68
gripes,223
taut,60
ruthless,220
kills,21445
undetermined,3214
jealously,19
gritty,1229
partiality,142
mawkish,3
cold,25758
importune,1
disavowal,3
damnation,39
aspersions,15
gimmicked,3
overkill,48511
overthrow,159
defamatory,36
stigma,156
grumpiest,1
calumnies,1
embroiled,48
mystify,49
bungler,6
underlings,75
deplore,10
slump,168
ill-tempered,3
unaffordable,61
hypocritical,35
underdog,146
shortsighted,105
misstatement,23
regrets,255
unethical,397
outcast,98
gainsay,8
hardships,117
concessions,385
intolerance,148
hypocrisy,33
perversity,19
bickering,39
confess,2850
hater,132
mindless,392
draining,2219
jitters,645
obnoxious,1257
critical,99441
moron,838
refuse,13256
inferiority,42
sneer,37
restlessness,17
inconsequential,1170
mangle,5394
disagree,16218
brittle,8582
spiritless,1
lackadaisical,27
weary,1047
farfetched,103
far-fetched,499
mishap,502
deficiency,1708
inhumanity,1
aggrivation,2
preposterous,154
enmity,25
twist,7583
unrelenting,47
domineering,31
disconsolately,1
haste,1079
kooky,67
thorny,451
refuses,17546
wallow,45
audacious,121
grouse,97
brat,321
hates,2089
scuffs,7
dogged,109
bothers,7328
apathetic,67
fright,599
frigid,45
decayed,1014
little-known,474
inane,262
failure,356502
wasteful,9927
enrage,49
abominably,32
inattentive,94
lunatic,147
assail,14
unpleasant,3625
mess,109018
traduce,133
liar,542
unachievable,200
dearth,195
bloated,6591
shambles,79
curt,555
phobia,173
inescapably,21
ghastly,292
aggressiveness,142
untruthful,11
illogical,2397
debasement,1
dropouts,519
drop-outs,63
venomously,1
scandals,65
abyss,711
adamantly,77
jitter,8819
belligerence,2
blind,15400
pervasive,1695
undermining,192
contrived,11688
annihilation,117
bugs,113505
disapproval,122
sneakily,330
frail,195
unlawful,192
unprofitable,43
dislikes,4991
fleer,12
perverse,589
depressions,36
damaging,1524
inadvisable,1119
pitiful,218
faltered,18
malodorous,5
smother,130
absurd,4781
manic,109
lowly,443
spews,581
itching,253
goading,3
stumbles,6485
stinks,708
poor,79374
comical,153
impunity,208
discordance,67
unspecified,38836
tediously,498
shit,4969
uncertain,9069
choppy,3442
scandal,189
unfeeling,73
stumbled,37908
eccentric,354
spookiest,2
ruffian,4
unrelentingly,4
murderer,278
gripe,640
evade,1085
immobilized,23
unsatisfactory,2292
irritations,72
backward,44111
punitive,51
crumble,302
deprive,170
obscured,4335
revolting,50
disinterested,60
disgust,795
horrid,1234
fails,629309
nightmare,20705
frets,207
absurdness,3
paradoxical,233
cunt,102
disappointed,4128
uncontrolled,3797
arrogance,147
epidemic,369
doddering,2
hypocrite,27
aches,246
disillusions,2
doubts,20592
destroyer,1689
criticisms,768
savagery,7
acerbate,4
gutless,11
irragularity,1
pointlessly,672
abort,70241
cannibalize,131
animosity,37
uncomfortable,4180
unconvincingly,3
moot,4906
jam,7387
corrupts,2169
strife,144
virulent,36
fictional,2884
unraveled,131
overturn,60
remorselessly,6
infected,5405
cruelly,47
drunk,1412
imprecision,1222
interruptions,3061
scoff,92
slanderer,2
blockhead,118
imposing,2051
insufficiency,98
perplex,169
shockingly,527
darker,10316
denied,158759
gape,70
annoyed,4456
intrusive,3994
stupor,57
difficult,249195
bellicose,9
fragmented,6077
undefined,1089803
fearfully,5
weakening,307
obstructed,532
quandary,479
involuntarily,167
unhelpful,5720
sedentary,350
outrageous,644
dire,2133
stumble,8238
shatter,276
passe,4805
altercation,34
predicament,1663
bs,62286
pariah,43
abolish,231
wobbled,8
aloof,65
unyielding,41
slowwww,15
exclusion,39598
ludicrous,546
dented,71
hopelessly,1166
cheesy,995
succumb,140
smelly,1688
melodramatically,13
rival,818
stinging,59
smelled,117
inflame,7
dissocial,1
subdued,193
foolhardy,91
callous,24
tenuously,20
fruitlessly,187
impulsively,14
faint,2435
inexplainable,9
soreness,38
punishable,47
virulence,21
erase,41669
dissappointing,12
scandel,3
lawless,77
self-serving,41
impudently,4
raping,60
depression,1769
jolt,1887
excessively,3035
jittery,1081
anti-,241
nebulous,569
deteriorating,129
backaches,1
lacks,24421
pillage,59
loathe,591
renunciation,15
fallacies,264
savaged,8
indecency,6
dreadfulness,1
addicting,43
paupers,12
degrading,1432
occlude,233
indecisive,123
regret,3088
tanks,3823
humiliation,71
macabre,81
inconstant,159
din,7590
hefty,1501
harried,12
syndrome,1941
capricious,159
incite,251
temper,900
inhuman,46
demonizing,29
glut,6645
contaminates,60
anguish,174
illusion,6677
ruin,4339
daunting,3309
twisted,15283
bored,3542
misunderstandings,2239
drag,215808
smash,1966
disreputable,18
sneeringly,1
disgruntle,2
washed-out,58
fret,1208
belligerently,7
pimple,616
omit,73790
mismanage,23
subjection,27
insults,427
tardy,323
breakup,1152
break-up,175
rants,276
illiterate,415
sicken,8
warned,12722
detracts,160
outburst,56
covetous,8
insufficient,25577
complaining,37323
taunts,78
imminence,11
distorted,8895
cringes,28
terrible,36681
dumping,22532
traitorous,9
egregiously,141
disconcerted,31
blah,216032
hells,149
hacks,21576
retreated,52
damnably,5
malice,205
imprecise,2956
profanity,1078
unsure,108965
incessantly,137
unjustified,286
mocked,34314
alarming,899
fuzzy,18630
stressful,643
unworthy,115
conflicts,87485
thumb-down,41
infuriating,1054
ill-conceived,129
dissappointed,23
idiotic,1169
indiscriminating,2
denunciation,5
scariest,82
abominable,174
languish,59
seethe,62
slowest,9197
faults,16876
crap,10722
unresponsive,13344
boisterous,80
mocking,39186
top-heavy,29
bragger,4
scowl,24
disaster,8530
rough,35712
corrupted,52819
anomaly,6984
demean,183
overplay,15
doggedly,33
excuse,27471
contortions,336
messes,16610
disputed,617
ho-hum,31
denying,3198
junkyard,68
bicker,14
subjugate,20
deceive,287
unreachable,26191
obstinately,25
abrasive,209
despotic,9
unavailable,62605
smut,32
buzzing,259
inarticulate,22
regress,2345
stuck,408892
pertinacious,1
incompatability,142
forceful,543
hardball,8
panders,3
recant,19
dying,5792
antagonist,165
idle,87138
extermination,18
selfishly,36
slumping,3
whiny,241
disdainfully,6
carnage,130
overwhelmed,3369
excruciatingly,461
illness,1923
anarchistic,8
pugnacious,3
bastards,158
infraction,319
bitter,1533
bunk,443
diatribes,12
polarisation,36
coerce,13815
struggling,180552
nervous,3014
prisoner,1145
unconvincing,68
lamentable,41
unexpectedly,30036
sinfully,4
accusation,108
disillusion,18
unkind,105
irretating,11
repugnance,1
damages,2909
vicious,681
cramp,348
wastefulness,30
barbarian,640
preoccupy,11
dishonorable,8
crumple,30
infamy,40
lividly,1
strenuous,198
quibble,338
crush,2935
malevolence,12
hostile,1484
belittle,44
foe,2045
miser,85
reviled,55
showdown,670
inflammation,263
exaggeration,411
aggressive,7645
wrip,3
sour,2580
fissures,128
aggrieved,11
vexing,1881
sucked,998
jarring,1313
fibber,35
dirtbag,11
uncreative,36
morons,111
nepotism,27
perverts,10
injurious,8
complex,451525
distortion,8636
betraying,58
ill-advised,1236
panicking,643
dismay,702
anemic,1625
antagonistic,72
mudslinger,2
scar,578
hypocricy,2
torment,167
shemale,8
pertinacity,3
delayed,46244
unjustifiably,30
drawbacks,18913
debility,2
helplessly,123
gaudy,72
tyranny,133
nebulously,14
harassment,223
debts,1153
object,8566994
stagnant,376
irritation,454
noises,1647
pan,33529
effigy,12
disgusting,1288
flareups,1
womanizer,66
deterrent,283
wicked,1968
sneering,7
rumors,694
dauntingly,21
brash,86
blackmail,55
apprehension,136
worsen,561
eccentricity,867
bereavement,103
unbearable,527
sharply,727
uncaring,31
pratfall,1
cannibal,160
disconcertingly,18
smells,6840
senselessly,33
disavow,44
ridiculous,12304
creeping,906
greasy,131
adverse,2757
propaganda,248
chastise,72
tragically,221
unstable,17361
whips,77
prideful,31
raving,108
unfit,435
harmed,389
deign,195
impropriety,18
irregular,8288
torturous,78
fractious,8
reckless,369
bleak,550
poisonous,339
debatable,2735
intimidation,69
agonize,42
downhill,871
thoughtlessly,72
crude,14905
stale,24629
fiendish,55
impertinent,39
back-logged,11
nemesis,539
polluters,5
brazenly,32
crummy,395
letch,3
deceptive,1029
misjudge,40
invective,10
inaction,272
hampered,478
randomly,130089
spurn,28
ricer,10
demeaning,76
contaminate,302
timid,192
disloyalty,4
suffer,15426
slow-moving,64
exhausted,19482
antipathy,24
sickly,49
forswear,11
dropout,32976
drop-out,126
heretic,260
violation,64100
inefficiency,3059
unwisely,134
hestitant,8
defiantly,859
solicitude,76
atrophy,50
shunned,170
absence,25232
injury,3273
over-hyped,26
sunken,1072
jutters,3
demonized,45
inflationary,56
exaggerate,366
risky,10382
midget,75
overwhelmingly,664
coercive,86
deterioration,212
woefully,830
unable,711356
suspect,200766
dispensable,121
inept,228
cancerous,95
furor,30
regression,82583
corruption,22705
clogged,531
imprisonment,111
petrify,11
rascals,33
discourage,6608
inequality,8306
tortuous,186
misbehave,1556
harpy,85
haggard,61
stupidly,3354
felonious,4
douchebag,43
fatcat,52
fat-cat,3
upset,3770
punish,716
disquiet,8
detest,222
simplistic,12669
taint,2221
flak,259
seriousness,474
exhorbitant,7
mischievously,12
obstruct,428
naively,7288
famine,94
watered-down,99
afraid,53094
ranting,343
conflicted,6405
inappropriate,11553
discrepant,76
discordant,132
condemn,126
unemployed,1910
frustrates,486
ridicules,49
franticly,3
unspeakable,183
impious,4
inculcate,34
avaricious,1
nauseating,46
grieve,97
contort,126
rot,13441
disappointingly,211
vestiges,80
ignorant,4064
overrun,5195
equivocal,70
distasteful,247
discourteous,6
uncomfy,5
skulk,24
devastating,511
garbage,144178
limit,851714
vex,1417
hurtful,76
uncouth,33
scrap,9486
stricken,160
impasse,664
refute,590
murder,2277
bleakness,3
throbbed,7
hack,128619
tempest,410
usurp,84
cheating,6336
fabricate,923
layoff,128
cranky,320
mire,134
smutty,4
unwatchable,29
crippled,1133
catastrophes,61
outbursts,15
rash,706
abuses,829
bedlamite,4
ambivalent,231
bloody,2265
persecute,5
stench,103
flimsy,330
worsening,188
prohibitive,1340
suppress,52711
detracted,34
brusque,34
imperialist,6
fidget,192
instigators,10
zealously,48
crash,261471
lie,25629
imperfection,279
tentative,3753
lurid,17
malicious,29414
disintegrated,26
foully,1
woebegone,2
spite,6158
gimmicks,206
leaks,54251
limits,132204
batty,331
fudge,2801
dishonor,22
hell-bent,177
incompetence,483
undone,4660
mundane,1355
awful,17264
inescapable,162
indignity,13
pry,13811
backbite,11
startlingly,61
arrogantly,24
tortures,34
wrinkled,59
impede,639
feverish,23
undercut,60
bondage,58
disvalue,33
pest,1219
vexation,13
obscenity,46
parody,161
stuttering,1616
indignantly,9
damn,10335
repulsively,1
huckster,7
inappropriately,1407
crass,605
neglected,4273
floored,1118
overwhelming,5013
confrontational,69
objections,1092
pathetic,946
insanity,1213
torture,654
loss,251732
disbelieve,34
dragging,58180
fracture,723
concede,590
funnily,1468
mashed,1047
rebuff,11
fascism,15
ruts,63
inimical,8
impoverish,2
tattered,76
pains,1803
inaccuracy,2320
gasp,714
invalidity,250
defamation,36
tamper,3633
lamentably,78
pessimistic,3633
uproot,305
disproportionate,405
stereotype,2145
knave,103
implode,64158
foreboding,33
restrictive,11199
junky,256
haze,552
glum,48
sue,8926
scolding,77
inefficiently,1599
fears,876
oversize,469
vehement,28
danger,22230
messing,57365
hurting,2266
chilly,475
pokey,131
dilly-dally,7
emptiness,1473
bumping,4131
traumatized,26
affliction,71
inequalities,2549
clueless,13230
clog,2146
impose,10052
discouraging,868
errors,1544023
mists,149
shoddy,595
unnoticed,1964
throttle,15962
shameless,2249
misfit,192
smokescreen,60
admonition,271
frustrated,13606
besmirch,7
iniquity,6
imaginary,15391
strident,30
conspire,177
fabrication,830
incense,104
stern,633
anti-us,1
irking,65
skeptic,219
overzelous,6
encroachment,21
disputable,113
untested,43962
deaf,609
bereave,2
stymied,609
pleas,3574
fusty,2
mockery,2345
undissolved,5
hoax,179
conflicting,39399
manipulate,132444
vengeful,52
complaints,10052
dissapointed,189
violators,117
oversight,5653
stormy,484
incitement,14
dim,1512443
expropriate,3
effrontery,1
brimstone,80
misbehavior,803
agonies,3
treacherous,181
rape,668
bravado,71
unwelcome,393
hothead,5
incongruously,4
falter,99
irrecoverablenesses,7
stubborn,1872
liable,3700
tramp,1170
womanizing,2
terrorize,31
scratch,87978
hated,1278
disagreement,1175
avalanche,916
insouciance,1
belittled,9
barbarously,1
irrationals,25
unreadable,17223
harmful,7109
ruining,2248
devastatingly,50
bearish,730
cramping,60
sleazy,96
juddering,37
insular,68
stolen,8040
swindle,55
scary,8691
stink,349
cramped,492
oddities,2206
undermines,431
dissatisfying,84
misapprehend,1
angrily,80
pestilent,1
disillusionment,13
difficulties,30091
disorderly,112
rejected,77775
stains,184
incredulous,53
rumor,586
scarcity,216
tumbles,39
intrude,235
feckless,14
subservient,65
upsettingly,12
invader,1129
extravagant,249
taunt,369
exagerates,4
skittish,33
subversively,3
wearisome,22
disfavor,29
dubiously,32
dark,98227
unreliable,14656
sarcastically,38
failures,55351
dreary,295
infiltrators,9
sting,8389
blurry,9026
skeptical,2481
gravely,129
abscond,31
impair,474
nasty,26178
jeer,8
posturing,4
bore,1531
fretful,3
negligent,197
totalitarian,27
overdone,315
hostage,302
superficiality,4
sap,33181
expired,81426
disregardful,1
demise,256
treacherously,4
laggy,5342
frantic,154
browbeat,3
incoherent,1018
anarchist,98
backwood,12
retards,100
fucking,570
inflammatory,259
struck,7566
absent-minded,45
flaky,3671
weed,2416
manipulators,1279
disdained,6
congestion,3045
flicering,1
falling,28798
untenable,414
sacrificed,491
froze,2235
glitch,11693
insecurity,365
extraneous,10829
wiles,59
fatuously,5
plaything,27
dubious,3783
dismal,273
unwillingly,172
delusion,186
prevaricate,5
aggressor,40
toll,2800
peevish,9
infamous,3786
droop,53
uncivil,52
scars,255
overwhelm,1397
addict,433
itchy,293
ghosting,491
ill-favored,1
tainted,3299
ominous,387
smoke,9209
stringently,79
disordered,552
misguide,66
full-blown,3128
mulish,51
genocide,73
rankle,20
skimpy,105
passiveness,2
confusions,2621
sin,118422
victimize,7
radical,2570
mangling,6882
frazzle,15
shun,320
selfishness,32
diss,522
bashing,1474
struggles,2708
abominate,14
scum,109
debt,9218
viciously,50
adversity,93
spurious,6981
peeled,531
uncomfortably,170
paralize,12
appal,34
forlorn,33
hamper,1032
blasphemy,157
irrationally,72
insufferable,24
confuse,33227
toughness,396
fool,8672
unmoved,145
retaliate,26
snappish,2
deviousness,13
severe,40889
damning,88
despair,1218
harangue,18
lagged,2639
bruising,53
desperation,2124
culprit,30111
devious,466
atrocities,74
ironic,1236
sly,1103
smelt,84
dogmatic,472
manipulation,76889
pinch,11739
steep,4558
insurmountably,9
desiccate,2
puzzled,13555
harassed,72
futilely,37
madly,216
crushing,824
treachery,38
detested,10
overbalance,3
doubtfully,59
culpable,33
mystery,14633
loathsome,15
bully,426
fuck,1095
incomplete,74823
censure,69
rigidity,269
break,1920094
subpoena,39
refused,65717
outlaw,261
worrier,65
bungle,126
taboo,527
immodest,5
repress,124
hurted,18
burden,9777
complicit,42
addicted,517
touted,344
gangster,197
offensive,2484
pain,64515
wrinkles,574
egotistical,24
incorrigibly,3
sneaky,3150
abusive,972
stubbornness,128
paralyzed,158
asinine,194
spitefully,5
killer,7952
derogatory,91
discombobulate,15
absurdity,201
sub-par,354
egomania,1
perfunctory,56
incomprehension,58
invalidate,57956
confined,3409
slaughter,215
stunt,386
thrash,728
marginally,4161
sardonically,1
ill-designed,57
wack,855
maladjusted,3
doldrums,15
misconception,5393
snub,111
faithless,7
defame,6
wild,28255
scant,651
entanglement,185
temerity,14
delirious,43
apocalypse,497
rigidness,28
virus,12350
rusty,9600
cataclysmic,26
scramble,3603
dumps,23795
unprepared,440
bewilderingly,30
dragoon,51
drips,49
tortured,319
licentiousness,1
massacre,137
apologist,17
calumny,2
ill-sorted,2
mania,341
reproach,48
scarily,58
fulminate,1
temptation,1711
impotent,162
hassled,34
blurred,13081
unauthentic,17
overpaid,136
discontented,3
improbability,30
prick,89
gimmicky,104
averse,722
unfortunately,498978
incessant,102
evils,698
bump,14103
stressfully,1
inflated,12683
insecure,29193
aggression,395
unnecessary,138646
unexplained,1470
reprehensible,44
shirk,45
contagious,314
anti-american,3
miff,461
chagrin,218
illogically,79
apathy,80
stealing,5349
uproariously,1
ailing,83
insulted,108
loses,30125
tout,7546
thug,257
boggle,623
urgent,7089
grossly,1444
smallish,1592
disappointment,834
capitulate,13
hegemony,16
conceit,36
savage,708
stringent,1380
vomit,365
strangely,24759
downer,302
hedonistic,17
aghast,35
accuses,150
stodgy,21
interruption,9098
ineffectively,78
hasseling,6
oppressors,2
destitute,20
inexorable,40
revoke,13857
petty,932
nagging,1416
wreak,761
upheaval,77
sanctimonious,8
strictly,66132
unhappy,4890
insubordinate,9
menace,412
erratically,928
susceptible,4463
acrid,62
unhealthy,4846
impudence,8
hubris,106
grumble,316
irresponsible,412
stall,6754
filth,73
blurt,65
languid,35
inexpert,58
shrouded,147
dies,23018
bugging,6986
tanked,76
worthlessness,10
impossibly,696
self-defeating,135
infidels,6
dejectedly,4
gawk,10026
inevitable,4373
inconsistence,215
disasterous,76
chide,50
bitterly,144
leakage,4402
shriek,54
degenerate,3296
haunting,415
resigned,1398
hinder,2494
glibly,21
semi-retarded,3
defrauding,6
subservience,2
lied,1966
debilitating,79
distrust,328
runaway,1332
capriciousness,1
difficulty,73736
careless,1753
stiff,1015
delinquent,427
screwy,1355
clamor,35
chastisement,3
chaff,183
inexcusably,15
deplete,334
degradation,6216
parasite,583
thumbs-down,140
stupidest,366
hysterically,29
splitting,94115
plight,177
trample,217
aground,92
abomination,1069
tense,2101
execrate,5
infuriated,50
handicapped,440
moribund,82
incendiary,44
cronyism,1
baffling,2797
wretchedly,7
excuses,1169
archaic,1756
contradiction,5126
starkly,53
flirt,174
unlikely,59638
radically,2865
fluster,43
worn,1017
disillusioned,34
unfriendly,1622
hostility,143
nauseates,2
unexpected,241868
protesting,72
forbidden,58467
imbecile,44
rampage,206
paranoia,1318
unnerved,18
irreversible,1113
disrespectfulness,3
shameful,321
offensiveness,7
zap,5550
plunder,109
farcical,26
prejudices,74
cynicism,38
forebodingly,1
overheat,306
emaciated,11
loose,42026
inteferes,13
somber,18
misunderstood,30368
dissuade,333
headaches,12869
head-aches,43
remorseless,4
ironical,37
boring,11995
rumours,265
blameworthy,5
catastrophe,519
repression,56
emphatic,194
racist,184
nervousness,41
dissidence,1
travesties,7
fickle,531
fallacious,82
clogs,286
decadence,35
rejection,29041
embarrassing,3918
egocentric,34
contemptuous,19
sully,212
pandering,24
brashness,2
falsely,1758
war-like,11
warlike,15
babble,284
blabber,45
repulse,324
damned,1393
snappishly,2
grievously,15
disapointment,18
dissenter,30
depressing,477
shrew,179
instability,2004
disappointments,59
exhausts,902
suffers,6886
splatter,184
mocks,20940
congested,555
incompetently,18
outsider,910
clumsy,10805
uncompromisingly,7
sickeningly,12
creep,7415
wrinkle,1975
fragile,13535
obscurity,2082
threesome,68
despised,105
dangerous,46369
uneventful,63
flagging,3972
scorn,82
berserk,413
flout,74
lech,82
protracted,121
blockage,597
adversary,1143
infested,263
offend,604
allergies,2039
ignominiously,9
numb,13483
misgiving,17
death,22603
dictatorial,27
angriness,1
delays,23551
undercutting,12
static,4497566
proprietary,22362
screw-up,123
unlucky,3820
blinding,428
perturbed,343
doomsday,342
outbreak,499
insinuate,65
spookier,3
ruthlessly,144
insultingly,23
exagerate,29
mistrustful,16
indecent,58
swollen,125
impediment,604
vexingly,33
sarcastic,387
unfunded,55
poison,5446
bad,681557
trauma,604
oppressiveness,1
inflict,365
darkened,904
pathetically,128
feebleminded,1
finagle,681
dismally,79
niggle,150
disses,9
funny,36455
catastrophic,3958
overact,3
crazy,63737
misbegotten,6
obliterate,636
solemn,64
crashing,57005
disobey,123
overshadow,281
unfamiliar,13962
dissidents,10
inequities,16
abrupt,1807
derisively,10
ripped,2366
fumes,53
reprove,19
negligence,708
prohibitively,1454
unclean,2432
spoon-feed,93
humiliating,54
imprecisely,127
oversimplify,279
flair,1003
turmoil,104
miserable,1231
scratches,778
outmoded,357
ineligible,1061
uncooperative,191
unbearablely,1
misrepresent,109
complicated,250283
detriment,567
slander,41
gawky,5
disorganized,666
smear,389
volatility,4240
foulness,8
shallow,33309
coward,265
hustler,27
baffle,312
disappoints,66
inexpertly,14
flake,993
bashed,319
disappoint,594
inconsistent,41519
villains,363
hysterics,9
oversimplification,1125
narrower,6050
stranger,6185
flickering,13486
flareup,1
degrade,6460
murderously,11
broken,185922
bullying,246
smack,3826
fainthearted,16
kook,99
havoc,3212
stun,4608
tricked,1588
contaminated,470
pervert,73
imminently,134
irresolute,4
viciousness,3
aversion,904
lapses,269
stuttered,81
protests,404
sloww,21
illegally,804
unnerving,160
tarnishing,8
rift,788
infamously,113
dungeon,2899
guiltily,4
casualty,329
truant,15
annoyingly,3400
vengefully,1
sickening,58
pickets,27
abysmally,188
drawback,24327
disapointing,48
servitude,23
distract,973
squeal,66
disoriented,183
discomfit,3
cheats,963
stutters,844
commonplace,1141
helpless,1455
dehumanize,9
divisiveness,1
unfortunate,12559
crooked,446
rip,16623
indoctrinate,11
harridan,1
coarse,4737
unwieldy,5833
dents,178
laughably,175
despairing,91
absentee,143
disgustingly,105
wobbles,188
trickery,5693
hawkish,15
severity,42706
touchy,2577
reprimand,67
subversive,1410
ill-defined,830
unneeded,13619
sunder,87
falls,47259
lecher,2
unkindly,10
smudge,1629
notoriety,50
mischievous,162
sorrow,295
uneven,5557
despicable,261
decry,74
prickles,9
cheapen,6
complain,38069
oppressively,7
overreach,61
paltry,130
irascible,5
revert,67405
mournfully,3
villainous,34
surrender,714
dangerousness,13
concern,90086
crippling,570
inundate,41
overbearing,84
smudging,76
inaccuracies,1791
self-interested,2
disastrously,131
disliked,1746
meltdown,591
repudiation,108
anxiety,1409
lewdness,1
troublingly,14
spoiled,1253
vindictively,2
hardened,1193
aborts,6037
subjected,1926
sinful,72
creaks,11
ill-formed,9255
horrify,26
nonsense,14242
intractable,880
fatefully,3
cartoonish,42
dreadful,908
greed,707
perilous,196
lose,121222
sadness,1287
mistress,194
ferocity,45
exasperate,23
obsessiveness,2
braggart,2
frown,1282
long-winded,2823
crime,10848
extinguish,108
ungovernable,2
dread,728
picky,5270
iniquitous,1
contaminating,191
sunk,1112
disappointing,2746
enviously,5
vehemently,138
unproductive,555
sluggish,3126
marginal,5505
damaged,8278
racists,22
gaffe,48
self-humiliation,2
sticky,62587
disgraced,29
refusing,6238
disapproving,29
insignificantly,143
superstitious,124
insolently,1
enslave,38
irritated,763
impractical,7508
crazily,306
cursed,633
horrifies,21
farce,69
jeers,19
fussy,1335
horde,545
grudging,10
premeditated,18
strut,1083
miscalculation,258
suppression,9365
incorrect,330287
superficially,1277
despise,470
illusions,178
unrealistic,2427
disruptive,1355
isolation,40243
chintzy,6
flee,866
inextricable,23
obese,1586
rubbish,5198
misses,19544
disgrace,131
doubtful,3234
hell,32318
sardonic,11
moody,612
maladjustment,3
presumptuous,151
prattle,4
impugn,11
regretful,46
hiss,290
racy,516
cutthroat,26
avarice,46
failed,1728344
contrariness,2
precipitate,51
indeterminably,6
monstrosities,109
dissatisfaction,159
freezing,13435
excessive,15180
growl,5543
mistakes,68946
inanely,9
undependable,48
sugarcoated,6
sugar-coated,18
mispronounced,16
dishonesty,60
intolerablely,1
retaliatory,4
awfulness,50
gaff,69
tauntingly,3
lethargic,56
unruly,341
recession,668
envious,158
heretical,75
dissembler,66
perfidious,3
dastard,3
blister,224
challenging,13294
overweight,2069
thwart,830
inundated,135
err,1581616
grieving,46
cancer,8457
intefere,71
relentlessness,3
entrapment,12
suicide,1601
irresolvable,22
downcast,5560
swelled,21
contemptuously,2
violently,354
berate,96
inconsequent,29
heartbreakingly,5
uncompetitive,12
alarm,79546
inexperienced,6249
unacceptably,871
shabby,627
run-down,311
ill-treatment,3
barbarous,11
thankless,50
expunge,592
frighten,247
clamorous,1
unfaithfully,1
fib,33790
bristle,52
bruises,76
molestation,8
cave,3483
misinformed,403
shock,2289
corrosions,1
laconic,283
incompliant,43
betrayer,6
selfish,447
sucky,357
nettle,285
shrug,701
annoyance,4165
vengeance,298
resent,2083
indifferent,1229
transgress,20
insane,10821
nauseate,2
sloppily,294
pretentiously,4
breaks,192226
incompatibility,10946
creepy,945
evildoer,31
waning,241
pitifully,117
invalid,823056
hard,579240
weaknesses,3456
scolded,107
slaughtered,77
biases,9034
bleakly,3
warped,2228
debaser,2
immoderate,5
hard-line,24
vague,34451
retardedness,4
detestable,19
allergy,1975
ugliness,1937
irritating,4722
sadly,45722
hateful,170
confuses,18201
pricier,48
wreck,1072
distrusting,48
prejudice,878
sorrowful,15
ploy,167
dismaying,6
defy,706
misaligned,4342
rebuke,37
bemoaning,15
bid-rigging,1
cloudy,5290
loneliness,119
sugar-coat,6
assassin,1101
hopeless,1995
indiscreet,8
ridicule,132
injustices,6
insincerity,1
deny,82376
impetuously,1
guilty,2578
drags,6478
unlawfully,5
backbiting,2
unnervingly,8
irks,289
murky,783
degeneration,95
gauche,869
less-developed,6
annoy,2712
vomited,38
retard,267
criticizing,245
humid,1135
notorious,2620
bewitch,1
ravage,13
deceiver,37
rupture,245
cuplrit,51
recessionary,1
ruinous,24
noise,60121
friggin,246
forfeit,349
poorest,197
muddy,1096
complained,7314
shortcoming,2439
distressingly,61
cackle,44
bumpy,622
denial,5832
faulty,16866
tedious,33090
unlawfulness,1
inaccurate,11378
predatory,93
wanton,59
two-faced,12
spookily,20
aimless,76
sues,112
stumped,41248
skeletons,1568
humming,297
suspicions,1710
exacerbate,262
damnable,16
blunder,967
hangs,49588
goofy,2210
drowning,458
preposterously,41
tangle,866
wrest,49
mistake,248575
hoodwink,29
insatiable,51
inordinate,478
confound,288
arcane,2617
cripples,203
polluter,9
mournful,8
shocked,2458
occluding,151
knife,8306
dirt,4676
haters,300
terribly,18585
cracked,4430
avenge,33
infuriate,37
desiccated,16
disconcerting,459
ineptitude,101
obtuse,1881
tension,3186
austere,40
discomfort,403
infringements,90
bum,875
caricature,64
appallingly,73
threaten,739
inessential,80
vilify,11
apprehensions,32
jeopardy,546
downfallen,1
perplexing,1636
naughty,2169
dispirited,8
discord,47537
irate,768
checkered,443
demolisher,3
perturb,672
snag,5766
flares,171
misuse,6839
breach,4101
harasses,8
chatter,2238
calumniation,1
usurper,29
refuted,107
lackey,110
shrivel,3
fatigue,1142
limitation,81968
malaise,50
miss,106478
irksomeness,1
dissatisfactory,17
hypocrites,12
disregard,9604
slaves,12725
senile,89
immoral,89
inability,5722
hectic,913
pandemonium,42
streaky,39
quarrels,47
wobble,1076
radicalization,3
mistrust,120
objectionable,344
trouble,407731
virulently,3
collusion,235
slogged,33
qualms,253
bafflement,23
fried,3300
miseries,13
freakish,154
snare,628
hardship,406
sore,1464
incomparable,703
exorbitant,180
flagrant,132
fastidious,137
stump,737
intransigence,4
flaws,10770
dirtbags,2
treason,112
shortcomings,3402
chasten,2
enfeeble,1
inconveniently,228
bitch,863
opinionated,3594
ironies,5
buggy,28196
extort,32
insupportable,6
caustic,94
whores,12
disinclination,5
ranted,63
torrent,5098
degenerately,6
uninformed,439
concerns,58641
grimace,48
bent,2216
busybody,6
overstates,57
lanky,12
frictions,58
spook,124
ineffectual,132
belittling,12
shame,8003
repugnantly,1
exhaust,4320
hothouse,4
devoid,721
ill-used,6
botch,305
adversarial,1003
ludicrously,200
negate,15363
disgustful,2
sporadic,2535
unacceptable,9936
sloppy,9507
asininely,2
stampede,235
fatuity,1
inhumane,21
vibrated,35
fat,33295
maltreatment,6
protested,44
ingratitude,2
antiquated,879
unfinished,9417
inconsistency,12870
attacks,43937
needlessly,6680
anti-social,256
sued,669
forbidding,1066
protest,900
lacked,1816
criticism,4286
faze,183
dehumanization,1
stupify,1
ignorance,8705
brood,268
spilling,2200
excruciating,371
diappointed,4
venomous,132
overtaxed,28
disapointed,131
furious,985
imbalance,2523
regressive,118
haughtily,3
pander,1105
floundering,250
ruins,3308
blow,17105
fallen,4135
dismissively,5
accusations,100
spoonfed,86
spoon-fed,77
miscalculate,103
rile,51
matte,1516
one-sided,832
deplorable,84
convoluted,17369
heinous,281
myth,1948
fleeting,234
insulting,256
diametrically,99
tyrannical,26
squeals,15
ignoble,11
dissension,7
shaky,1615
grievous,185
slow,387669
obstructs,162
idiot,7880
provocation,69
ghetto,550
jeering,5
cheated,1490
pretend,18765
threatening,412
ill-mannered,14
deceivers,4
exile,293
thoughtless,75
jerky,3270
doom,2258
isolated,43306
freaking,2280
vulgar,387
suffered,3376
twists,571
childish,514
exploitation,1468
wound,4491
thicker,2880
disprove,786
blab,672
inapt,17
hysterical,163
disgraceful,63
disagreed,290
negatives,9116
inadverently,5
unhappiness,194
shimmer,1068
provoke,2057
disrupt,2423
emphatically,299
scarce,2883
phony,1882
corrosion,264
fraudulent,851
pedantic,3720
crowdedness,19
regretted,344
bruised,70
deadbeat,22
clunky,14728
fatigued,45
despotism,13
dissemble,56
dissonant,28
refuting,56
begging,2905
flaw,20349
scuff,29
contradictory,3936
raped,49
redundancy,15738
mar,107851
hard-hit,2
burdensome,758
bloodthirsty,17
dissatisfied,1171
losers,941
ostracize,4
steal,10663
demolish,158
zombie,15463
beset,98
busts,362
filthy,543
incredulously,7
swamped,528
dissuasive,5
autocrat,58
intense,3957
inadequacy,64
haunt,629
bitterness,127
slogs,32
worse,78319
ineffective,4555
indiscreetly,2
imposition,265
stubbornly,757
forgetfully,9
insensible,108
improbably,63
harass,131
unnerve,10
crashes,193782
perversely,103
inextricably,106
chill,2012
malignant,628
ripoff,131
rip-off,98
sermonize,1
instigator,98
fearsome,99
frost,1940
plea,465
gullible,97
misaligns,94
fiasco,1055
fatuous,20
scams,183
expulse,3
heckle,96
roadblocks,920
desolate,53
overbalanced,1
undermined,113
oddly,14316
wrought,172
water-down,1
misreading,1543
woe,801
startle,58
snobby,17
clash,11237
split,729423
erode,2011
collapse,207427
shipwreck,104
sorely,515
inconceivable,309
eruptions,673
tiresome,1526
unjustly,26
bomb,9224
weirdly,8463
unorthodox,1528
indecision,75
costly,20414
ungrateful,73
laid-off,8
unforgiving,312
accidental,9505
wrongly,20979
insincerely,1
brutish,163
erodes,95
scornful,9
infuriatingly,205
unresolved,73920
sink,46785
unsophisticated,276
bulkier,259
violator,231
musty,64
loathing,65
demonizes,3
seedy,141
craftily,10
gossip,2008
omission,3555
risks,15207
slime,3303
afflict,68
indignation,200
deceitful,39
gimmicking,2
mushy,96
earsplitting,3
drain,10705
subtract,96435
quash,100
travesty,97
desolation,44
prejudge,6
absurdly,1332
curse,3074
defiler,26
haywire,1677
irreparable,72
taunting,72
disorder,1886
horrifying,385
scathing,49
nitpicking,555
scapegoat,429
grating,288
extravagance,11
shortchange,6
inglorious,40
unintelligible,683
rampant,301
scaly,152
exhort,19
unproved,32
confusing,170081
undesirable,13701
jumpy,1777
pity,2800
wheedle,5
unbelievably,915
fail,514575
pollute,6258
wickedness,13
fugitive,496
unimaginable,151
capsize,274
finicky,2604
venom,408
tragedy,643
tumultuous,27
upbraid,1
lukewarm,67
extravagantly,21
dumbfound,15
foolish,3090
desultory,10
burning,3338
helplessness,42
dick,3932
dimmer,1130
harshly,294
insinuation,19
overpriced,191
over-priced,8
disbelief,177
demonic,140
explode,138983
so-cal,2
confrontation,104
stifling,54
slowed,4400
fraught,1515
skepticism,198
accursed,50
anxiously,102
testy,4016
cheap,29840
tricky,109291
incomparably,49
erratic,2687
fanatic,305
brazen,28
insult,1283
downfall,937
noisy,9107
derisive,25
madden,176
apologists,13
glower,20
ruffle,150
blundering,90
fault,139764
blunt,1796
balk,483
backache,13
inconsolable,3
inordinately,178
worst,61521
imperious,15
befoul,6
nauseatingly,14
infirm,47
grouchy,53
toil,606
insensitively,526
leak,101905
distraction,1500
hazardous,1133
destroy,173889
infection,2866
bewilderment,72
brutal,2041
dissention,2
flounder,270
suffocate,50
oppress,27
detracting,45
fear,17055
scrambles,479
flare,2206
unsustainable,346
sack,1745
corrode,9
indecisively,3
fundamentalism,14
inaccurately,356
anxious,950
immature,909
cheaply,1446
conspiracy,330
slur,93
lagging,5556
dripped,3
frightening,414
misbecome,1
trashed,2766
offensively,45
trashy,155
heckles,9
vociferous,9
heathen,35
wane,126
amputate,25
two-faces,2
rocky,2597
evil,25859
disparage,49
indecently,30
shroud,202
abused,3158
zealot,131
wayward,247
ineffectiveness,33
drunkard,107
decrepitude,3
tingling,142
unsuspecting,422
impossiblity,12
swelling,221
impaired,1586
tangled,1583
galls,42
inhibition,333
irritate,433
wily,278
disrepute,9
deceit,53
outrageousness,2
irked,88
horrendous,1811
mourn,39
dissing,40
glaringly,1350
mysterious,9733
opponent,10947
wickedly,56
draconic,17
crushed,1290
2-faces,7
fiction,7255
conspirator,17
illusory,99
grudgingly,98
expropriation,10
obstacle,12803
infidel,25
admonisher,3
strain,5441
resignation,421
offenses,512
calamities,26
diabolically,30
alarmed,574
banishment,14
byzantine,520
indeterminable,146
bulkiness,65
incapable,2240
suspicion,11271
repressive,17
miserly,21
rascal,1271
tank,13515
loner,267
kill,147747
laughingstock,3
killing,31447
startling,152
feeble,688
madness,3847
partisan,134
entangle,223
spoils,611
questionable,7237
incompatible,86097
grainy,420
traitor,78
outrage,98
stalemate,313
deform,866
dodgey,53
scrambled,13529
chaotic,2216
distort,2645
badly,26985
invasive,2271
refutation,132
doubt,107504
obstinate,79
lags,9271
unfulfilled,465
malign,82
bias,25575
weaken,842
impurity,937
disingenuously,4
passive,15237
battered,103
donside,13
oversights,290
brazenness,1
explosive,584
improper,10413
downgrade,28982
misread,4907
calumniate,1
hurt,20764
spew,945
precarious,352
resentment,75
left-leaning,55
failing,191225
disparaging,64
affront,33
viper,1802
hazard,5987
fleeing,152
deprecate,3444
squirm,38
isolate,49574
maddening,852
rotten,2003
irrationality,13
scarcely,288
dishonestly,12
whine,402
fallout,752
unsavory,135
starvation,2656
hobble,94
itch,685
disrespecting,31
neurotically,5
emasculate,1
dent,1202
wary,6049
lurk,314
jobless,174
discriminatory,90
exagerated,63
lonesome,170
poorly,25309
crashed,66020
farcically,4
doomed,3064
throbbing,74
cuss,129
atrocious,797
detesting,4
recklessly,206
savages,57
spoil,1536
halfheartedly,11
douchebags,1
loophole,1165
rust,50827
outrages,17
slave,57774
despairingly,6
flakey,723
insubstantial,76
poky,743
debauchery,8
subpoenas,10
gabble,11
distraught,32
detests,11
hoard,277
catastrophically,433
loud,5430
appalled,115
sabotage,320
superficial,1686
maliciously,1314
woeful,146
troubled,2124
gloom,155
uprising,130
reluctance,379
flabbergast,12
frenetic,25
unwilling,1526
squander,25
weaker,3452
frenetically,11
embarrassingly,1928
upsets,349
disdainful,17
impermissible,50
bleed,2611
satirical,45
disturb,3730
aggravating,459
dissed,12
latency,68057
delaying,6739
fathomless,7
fiend,373
occluded,843
indignant,15
cunts,7
slashing,235
panicky,29
disingenuous,92
wedge,2726
dilapidated,23
muddle,839
lethargy,38
crack,12461
undue,498
capriciously,17
reluctant,5022
wilt,797
monstrosity,1124
precariously,27
villian,229
corruptted,7
debilitate,4
losses,15800
loser,4460
abnormal,7630
squealing,16
impure,2736
disintegrate,141
scratchy,205
dumb,43718
consternation,123
cry,4116
egotism,3
hassle,20333
maddeningly,176
blurs,1996
morbid,126
sulk,35
anti-white,10
cumbersome,30869
disintegrates,20
miserably,5426
zealous,246
insensitive,24528
noxious,58
timidity,190
barbaric,212
grisly,38
stumps,555
onerously,8
restriction,77404
scared,3917
condescending,292
pretentious,92
engulf,54
punch,7225
maliciousness,37
staid,154
tenuous,241
immovable,338
murderous,59
insurmountable,556
tumble,460
burns,2128
nefariously,25
bemused,105
motionless,276
injustice,132
tenderness,67
hairloss,9
fanatically,28
combust,36
irrationalities,1
stingy,313
obscene,458
lifeless,58
writhe,88
relentlessly,256
loveless,17
exhaustion,2386
eviscerate,15
losing,48154
spooky,943
impatience,122
boycott,130
subvert,866
desperate,11216
oddest,267
perish,232
weakness,4387
exasperatingly,7
dullard,14
incivility,13
uproarious,5
rude,2771
assult,14
invidious,24
fake,84793
recklessness,15
worry,145517
flairs,90
pique,231
stifle,99
scorchingly,1
unnatural,2044
scare,1512
contradict,3568
grumpy,1011
impenitent,2
foolishness,314
harden,1091
discouragement,85
scandalous,34
defect,13479
smoldering,23
high-priced,15
flawed,15107
flaunt,30
dazed,129
pale,2206
breakups,52
break-ups,3
awfully,3938
recalcitrant,79
drunken,185
unreliability,355
scratched,1223
enervate,4
unfaithful,19
deviation,31488
lies,79841
emergency,10457
inexcusable,69
bestial,21
gallingly,1
stooge,374
louder,769
forsaken,177
odd,213487
rivalry,71
lost,272673
unjustifiable,31
decay,12321
indeterminate,15420
nonresponsive,82
terrorism,376
disarray,201
brutalize,5
rue,3909
indiscriminate,193
nefarious,1018
lugubrious,4
calamity,128
discontinuous,1329
tumbled,125
deteriorate,451
crooks,65
subversion,38454
mope,15
dawdle,15
guile,1492
beguile,7
denounce,262
distressing,117
strangle,148
bumps,2592
fumble,333
assassinate,117
bulky,3974
crumples,5
ail,387
mispronounces,5
depraved,15
indiscriminately,709
regrettable,146
forged,1736
lackluster,282
unsecure,3336
fidgety,57
dissonance,189
hurts,5107
destitution,7
puzzling,6684
innuendo,32
distracting,2247
undermine,508
dissolution,117
perversion,98
aborted,50766
tentatively,767
apathetically,2
squeaky,169
beg,11493
blame,12769
hooligan,44
untimely,143
greedy,24826
incorrectly,100052
gruff,218
halfhearted,13
unsteady,125
fell,9042
astray,1028
carelessness,306
giddy,83
bonkers,1026
tarnish,26
obstructing,399
hesitant,3497
injudicious,5
paranoid,4970
problematic,69502
criminal,2505
disagreeably,1
forgetfulness,86
frustrating,29104
messed,52997
self-destructive,27
cussed,5
demoralize,23
fierce,372
pretense,129
bores,64
misleading,27971
tacky,398
deject,11
lapse,1921
ignominious,20
felon,40
malcontent,22
inadequately,115
soapy,94
leech,346
castrated,45
dastardly,83
stew,777
banalize,2
disintegration,33
sweaty,57
polution,126
loath,278
shamelessly,1784
damage,34166
mobster,32
decrement,32903
aggrieve,2
fanatical,114
irrational,1441
heavy-handed,771
perverted,113
pertinaciously,1
disloyal,42
peculiarly,179
infringe,167
motley,138
inequitable,1
crueler,4
morbidly,51
ire,733
second-tier,83
tease,899
displeased,106
vagrant,53115
straggler,98
catastrophies,6
unsettle,18
disable,436639
pricey,811
eyesore,278
egregious,630
allegation,144
oppositions,16
displaced,1994
rancor,18
downturn,66
dismayed,150
baffled,7728
meddlesome,13
lone,3913
self-criticism,8
mist,1356
anger,2652
overdue,5126
devil,4005
bewildered,450
uncompromising,64
warily,52
bullies,36
bogus,10377
compulsive,131
sagged,3
funky,11048
fatcats,5
sidetracked,200
acrimony,12
mourner,16
humiliate,39
onerous,1203
despot,52
tantrum,141
annoyances,919
substandard,204
attack,67893
died,20203
sty,1756
dishonest,222
low-rated,8
bluring,274
imperfect,2830
fallaciously,2
autocratic,21
sueing,3
irresponsibly,45
arduously,13
cataclysmically,2
ramshackle,12
quitter,658
setback,497
destructive,5196
dripping,117
unusually,1831
killjoy,36
ferociously,23
goof,622
screwed,10670
fetid,13
sarcasm,522
trivial,119324
denies,3837
alienation,27
misery,1290
sinister,451
repulsing,9
grievance,334
wasted,19285
burned,3395
misguidance,10
shortsightedness,12
forbid,8176
unuseable,220
irritant,104
cruel,1710
erroneously,4152
stain,459
revenge,848
wreaks,239
impersonal,52
harbors,119
vibrate,6470
mislead,1910
clouding,190
overbearingly,1
setbacks,174
aspersion,2
backwoods,11
condescendingly,8
presumptuously,15
self-interest,20
conflict,128287
derision,34
smouldering,13
unforeseen,1685
peeve,391
obstruction,507
discontentedly,1
condescend,14
pompous,53
despoiler,16
primitive,90278
bash,347258
mendacity,1
prejudicial,28
unseemly,79
gibber,100
disadvantageous,159
shamefully,224
devastates,22
vomiting,386
mediocrity,32
estranged,26
smoulder,1
rage,4106
chunky,1177
outcry,63
barbarity,11
meanness,7
officious,14
upsetting,598
unleash,674
plague,1485
bedlam,44
tarnishes,3
scarred,95
leery,378
lawbreaking,2
ominously,37
violent,1036
discontinuity,1545
devastate,51
abuse,13847
indigent,10
ugly,124231
hissed,3
inadvisably,16
nightmarishly,24
dud,685
straggle,32
expel,73
exploit,16168
struggled,13989
defective,2005
discompose,5
implacable,8
snob,86
mishandle,86
delay,342908
refusal,762
devastated,109
imprudent,33
creak,46
cliche,2386
dislike,12883
symptoms,13057
barbarically,5
squash,12894
disorient,30
insufferably,7
belabor,117
wrangle,994
gibe,52
chronic,2041
misconceptions,1978
oddity,2542
overwhelms,225
glib,8752
asunder,16
biting,1083
discontinued,7469
flirty,26
frustration,8109
haughty,29
brutality,64
vibrates,563
lame-duck,2
pernicious,232
waste,44876
transgression,109
spoilage,50
prohibit,4835
immorality,5
sever,13419
conceited,22
stereotypical,117
desperately,5271
torturing,151
debase,295
deprave,2
insanely,3353
monstrously,133
tired,21523
adulterated,31
exasperated,129
dirts,37
fooled,2642
imprecate,1
dwindling,92
ax,168707
disagreeing,261
grate,762
admonish,51
symptom,12080
goon,604
stresses,624
malady,61
breaking,114979
cringe,1020
commiserate,22
struggle,22927
crisis,2342
unattractive,448
nastily,84
slowww,13
obtrusive,736
crook,184
error,13983819
hapless,94
indefensible,16
radicals,304
inclement,164
dislocated,134
procrastination,151
incongruous,95
unaccessible,880
biased,7182
escapade,14
sketchy,2468
fatty,496
jealousy,72
evasion,421
sass,74019
diffidence,21
stagnation,117
touts,148
monstrous,1002
disadvantage,23815
troubles,37090
ultimatums,3
discouragingly,5
unworkable,770
timidly,14
disclaim,182
extremist,43
jabber,4482
encroach,78
slut,459
dense,91566
jagged,8725
bombardment,59
horrendously,756
vociferously,12
relentless,212
fuss,3155
cheater,524
snobs,18
oblivious,1715
irrelevant,61506
audacity,2312
adamant,993
silly,88829
uneasily,10
carp,2058
vibrating,706
confusion,94159
bulkyness,2
counterproductive,1153
counter-productive,957
arbitrary,177352
penalize,1236
unknown,792245
renounce,108
fallacy,683
problem,7887523
rhetorical,464
unaccustomed,53
wildly,5531
distrustful,48
contravene,76
falsify,289
die,317025
embattled,10
impoverished,44
controversial,2355
mangles,855
defunct,3705
weak,151230
tormented,97
reprovingly,1
slap,3074
besiege,14
contemptible,16
volatile,77575
extremists,32
revile,24
lament,105
delusional,103
litigious,24
upseting,6
glare,477
illegitimate,246
disconsolate,3
unsupported,72194
indelicate,13
distressed,213
detestably,1
downbeat,22
rattle,836
exorbitantly,45
grapple,317
unthinkably,8
puppet,19315
damper,353
debauch,1
fever,2568
frightful,55
depressed,1827
whore,85
butchery,56
traumatize,2
wail,98
haggle,82
destruction,14098
inhibit,2137
torturously,2
boredom,450
negativity,285
indulge,374
fascist,41
sidetrack,94
strike,15239
blur,78329
arrogant,331
issues,870547
hatefully,3
debacle,175
obliterated,269
unsettlingly,2
massacres,7
raked,124
ugh,4834
boil,5449
infest,29
disrespectful,79
crumbling,82
unlicensed,1010
distorts,1116
steeply,92
repetitive,20039
immorally,3
wrath,536
smug,121
scarier,156
cash-strapped,10
apprehensive,244
disaccord,2
accuse,254
prate,420
bruise,97
suck,8119
downside,39587
flicker,12135
overzealously,32
grouch,44
whimper,30
peculiar,8689
graceless,18
procrastinate,121
undignified,6
alarmingly,122
tingled,5
devastation,56
ineffectually,17
scoundrel,22
barren,322
starve,1035
unjust,84
wretchedness,1
insignificant,5570
disabled,454706
bombastic,35
ding,2503
inexperience,2227
disadvantaged,103
unpredictable,17733
noisier,206
unwise,1990
scorching,236
suspicious,16131
declining,782
languor,3
hindrance,800
dishearteningly,3
craze,149
drains,1247
lacking,22502
pitiless,11
embroil,2
overstated,208
frazzled,101
procrastinates,9
trash,21184
fume,65
combative,25
demoralizing,47
incoherence,183
admonishment,39
spewing,470
smudged,110
condemnable,2
needless,11888
blatantly,2036
squeaks,24
bait,707
audaciously,3
freakishly,64
remorse,87
horrible,28551
menacingly,8
lurch,64
snobbish,22
fastidiously,11
impulsive,85
ineptly,13
undercuts,20
hatred,316
illicit,207
horrified,256
blindingly,1029
fraud,3974
limited,244077
incorrigible,12
burn,9229
dusty,627
irredeemable,10
unravel,1033
superstition,176
agonizing,348
fanaticism,25
spank,82
stutter,1814
provocative,130
rut,2051
blindside,14
worryingly,140
irksome,211
insinuating,36
stab,8120
sloth,610
craziness,752
unipolar,76
sickness,935
angry,7294
reproachful,3
saggy,17
sceptical,490
opposition,1355
decline,7210
bumped,6988
blotchy,31
drab,147
nitpick,947
grievances,159
longingly,8
stiffness,1335
militancy,3
calamitous,20
steals,2246
unproven,335
obscenely,225
errant,1941
interference,5761
leakages,174
mispronounce,4
malevolently,9
bothered,9480
impatiently,74
refutes,62
oblique,2166
improperly,8464
lapsed,937
cheerless,2
condescension,11
unwell,85
racism,149
weird,267880
geezer,69
restless,360
gruesome,264
extortion,31
quarrelsome,20
headache,21056
heck,15295
dispute,1856
deformed,1140
galling,26
unorthodoxy,3
critic,2260
misguided,2075
overstatements,4
puzzlement,129
deadweight,98
annihilate,123
rigid,7606
worthlessly,2
trivialize,55
persecution,32
overemphasize,26
denunciate,1
irony,1641
inefficacy,2
rejects,12544
recourses,281
forlornly,2
shocking,1121
fevers,83
throbs,8
sorry,441693
retreat,782
compulsion,249
warp,11003
conservative,5226
repulsed,24
disturbance,982
concens,9
lackeys,4
rabid,132
snagged,318
pillory,3
slug,125659
idiocy,301
bigotry,19
vagueness,734
spiteful,37
insufficiently,462
rant,2507
spendy,29
madman,179
mordant,12
scourge,84
lurking,2139
intimidatingly,12
dinky,141
craven,109
overpower,106
flimflam,64
interferes,3602
troubling,3145
subjugation,9
crappy,5948
hardliner,8
hard-liner,1
unwanted,52442
stammer,20
bowdlerize,5
cliched,42
uneasiness,33
frenzied,31
deadlock,37453
bashful,142
worthless,2907
unpopular,657
seething,23
crumpled,56
freak,2398
mistaken,26447
spewed,206
graft,1397
facetious,180
obsess,186
second-class,300
devilry,23
sinking,955
disagrees,1209
dust,4259
meddle,600
lascivious,5
unwarranted,451
bribery,61
deluded,46
dismayingly,4
vomits,76
blatant,1004
unpleasantries,17
forsake,78
vainly,84
unsettling,292
plotters,144
throb,69
inevitably,5699
gnawing,57
misgivings,115
ridiculously,5997
conspiratorial,2
freezes,28264
deploring,2
vice,65523
beleaguer,20
ill-fated,81
negation,11673
futile,2651
impolite,204
condemned,217
oversimplified,2642
siege,1198
miscreants,29
irrepressible,10
cringed,42
last-ditch,274
ached,23
oppression,51
choleric,6
heartbreaking,61
oppose,1824
dreadfully,350
propagandize,1
flagrantly,59
inopportune,159
depress,196
hardheaded,6
infections,779
miscellaneous,7269
broke,31309
molest,38
frigging,83
untrue,955
mischief,425
disrespectfully,6
foul,2127
disgruntled,174
strict,210033
obsessively,114
disquieting,10
blemish,123
freaks,1104
infernal,80
nettlesome,9
disunity,7
conceded,437
unrest,80
futility,356
strange,288239
tragic,402
furiously,439
slooow,115
disallow,21235
petrified,44
dungeons,601
simplistically,622
short-lived,5149
unsupportive,11
immaterial,1307
harsh,3808
groundless,28
anarchism,232
martyrdom,9
frenzy,228
undid,679
contentious,572
clique,2940
mistakenly,10181
senseless,1190
snagging,139
embarrassment,356
dissident,37
relapse,202
lawlessness,2
offending,26092
utterly,5481
slower,134750
declines,1126
phobic,19
boiling,1387
intoxicate,3
anxieties,17
sloow,17
cheat,15637
rogue,5438
delinquency,190
wrongful,172
burdensomely,1
submissive,22
remorseful,11
listless,19
inimically,2
ulterior,124
insignificance,73
underpowered,334
irritably,5
inflammed,3
concerned,91827
inconsiderately,6
slanderous,2
mock,242061
disastrous,1725
brashly,6
time-consuming,8841
cruelty,148
undecided,1424
jutter,3
crafty,873
stunted,115
threats,2810
indiscernible,52
misinform,16
panic,31713
sufferers,55
plot,657994
pauper,47
weep,210
liability,4375
wasting,17472
unusual,32462
enviousness,3
quibbles,59
judders,21
ragged,2345
unusably,255
shadowy,196
obsolete,34993
creaking,58
hollow,2778
disadvantages,20819
pales,130
fearful,362
heartless,118
pitiable,5
occludes,85
bug,599381
rail,4883
sneak,2449
lonely,1880
regreted,13
risk,92416
sucker,883
cruelties,4
rumbling,49
deceptively,727
bleeds,616
banal,421
disdain,129
warning,943485
teasingly,11
importunate,5
troublesomely,3
banish,158
rhetoric,161
irrecoverable,260
smell,13340
contention,11109
